-- 15 + 15 + 8 + 9 + 3

-- 15 gucian, 15 non gucian, 9 supervisor, 8 examiner, 3 admin
--

-- 1-8 master gucian, 9-15 phd gucian, 16-23 master non gucian, 24-30 phd non gucian


INSERT INTO PostGradUser (email, password) VALUES ('mohsen.raki@gu.com', 'nyVrn9l8Eb');
INSERT INTO PostGradUser (email, password) VALUES ('zephan.iel@rnau.com', 'DhMBLL6zPy');
INSERT INTO PostGradUser (email, password) VALUES ('afonso.fohri@klor.com', 'SR2LrAuash');
INSERT INTO PostGradUser (email, password) VALUES ('alof.lari@gmail.com', '124TOfwCRs');
INSERT INTO PostGradUser (email, password) VALUES ('anuja.regli@krol.com', 'QNDktMqu4n');
INSERT INTO PostGradUser (email, password) VALUES ('corn.elio@nrklo.com', 'bRvU1rxZL9');
INSERT INTO PostGradUser (email, password) VALUES ('audam.ar@omlr.com', 'uGH6h6eEnc');
INSERT INTO PostGradUser (email, password) VALUES ('noran.nero@dfkai.com', 'bkhql3cvYD');
INSERT INTO PostGradUser (email, password) VALUES ('anish.laro@bordis.com', 'hq5YlAGaEM');
INSERT INTO PostGradUser (email, password) VALUES ('silas.fatsani@zvui.com', 'Di4dzLLfJQ');
INSERT INTO PostGradUser (email, password) VALUES ('mina.bartolome@gju.com', 'Brlcit2tK0');
INSERT INTO PostGradUser (email, password) VALUES ('nirmala.themix@hoh.com', 'BM3aZb4TYB');
INSERT INTO PostGradUser (email, password) VALUES ('nassim.farka@tkaol.com', 'sDagntF66Q');
INSERT INTO PostGradUser (email, password) VALUES ('gennadius.erna@ragl.com', 'hhKk1zAxI5');
INSERT INTO PostGradUser (email, password) VALUES ('silvijo.sree@lgaro.com', 'OtpVqpnVeJ');
INSERT INTO PostGradUser (email, password) VALUES ('janna.josefine@iko.com', 'pb8HtGTnlc');
INSERT INTO PostGradUser (email, password) VALUES ('bert.jia@gihu.com', 'nmyAoDZgI8');
INSERT INTO PostGradUser (email, password) VALUES ('machli.jen@ogiho.com', 'u67FwcLP8R');
INSERT INTO PostGradUser (email, password) VALUES ('borja.aong@wind.com', 'PXyCRnhMhw');
INSERT INTO PostGradUser (email, password) VALUES ('chetana.eef@ujkl.com', 'YOUESGCwAd');
INSERT INTO PostGradUser (email, password) VALUES ('washington.dion@ikla.com', '5QBz0MuwLS');
INSERT INTO PostGradUser (email, password) VALUES ('quint.kai@ik', 'HwkWaFYwVT');
INSERT INTO PostGradUser (email, password) VALUES ('aamina.jaki@klar.com', '5C6PW79UjE');
INSERT INTO PostGradUser (email, password) VALUES ('elenora.andor@iklar.com', '7jIGGliI7Y');
INSERT INTO PostGradUser (email, password) VALUES ('yuko.rafa@far.com', 'fEOyR0t8q8');
INSERT INTO PostGradUser (email, password) VALUES ('paulo.settimio@ikl.com', 'caKGwtYpa6');
INSERT INTO PostGradUser (email, password) VALUES ('punit.vladimir@drac.com', 'cVglOOyiDn');
INSERT INTO PostGradUser (email, password) VALUES ('marietta.troph@tro.com', '1mJFMEKcYO');
INSERT INTO PostGradUser (email, password) VALUES ('laurentius.andrea@uklar.com', 'USNs9GZy2B');
INSERT INTO PostGradUser (email, password) VALUES ('filo.pavi@klart.com', 'Jy3KBmUoA4');
INSERT INTO PostGradUser (email, password) VALUES ('ruska.sachna@oplf.com', 'gtIZHHFtlj');
INSERT INTO PostGradUser (email, password) VALUES ('annabelle.izumi@ippo.com', 'GmdnCTpbjI');
INSERT INTO PostGradUser (email, password) VALUES ('charis.frang@ikea.com', 'afkjyceZN0');
INSERT INTO PostGradUser (email, password) VALUES ('ilker.judo@fmab.com', 'peFP0gyD6w');
INSERT INTO PostGradUser (email, password) VALUES ('balint.gerhard@cg.com', 'jF0NCbhxsU');
INSERT INTO PostGradUser (email, password) VALUES ('svanhild.nout@mha.com', 'iklOGpT42I');
INSERT INTO PostGradUser (email, password) VALUES ('marta.whit@dbz.com', 'LmrQEDpr0q');
INSERT INTO PostGradUser (email, password) VALUES ('sweet.gadisa@fma.com', 'uyvychfzvb');
INSERT INTO PostGradUser (email, password) VALUES ('gillian.hugh@hxh.com', 'PbBEmaVBlh');
INSERT INTO PostGradUser (email, password) VALUES ('bart.mustafa@aot.com', '0FREkvuiJD');
INSERT INTO PostGradUser (email, password) VALUES ('hektor.fjolla@baki.com', 'KKWvmuuNzu');
INSERT INTO PostGradUser (email, password) VALUES ('gwen.abdullah@ben.com', 'gCr84Mid53');
INSERT INTO PostGradUser (email, password) VALUES ('marianne.cuthbert@dn.com', 'anOaPT5Adj');
INSERT INTO PostGradUser (email, password) VALUES ('alwin.divina@ukla.com', 'K1iF6AFlYi');
INSERT INTO PostGradUser (email, password) VALUES ('sophronia.eutro@kal.com', 'xybWdt5AeB');
INSERT INTO PostGradUser (email, password) VALUES ('prita.mino@tra.com', 'Nwqg7dFjrp');
INSERT INTO PostGradUser (email, password) VALUES ('morris.loui@atlab.com', 'r664gTOh0P');
INSERT INTO PostGradUser (email, password) VALUES ('polikarp.alyona@kiro.com', 'QDTrpJBydF');
INSERT INTO PostGradUser (email, password) VALUES ('clem.laureniu@regal.com', 'lp6o0z7tgk');
INSERT INTO PostGradUser (email, password) VALUES ('mabyn.valentina@gmail.com', 'hfdghhfgugdf236');

INSERT Into GucianStudent(id, firstName, lastName, type, faculty, address, GPA, undergradID)
Values(1, 'mohsen', 'raki', 'MSc', 'Electronics', 'rkrbjp street', 1.60, '31-4248');
INSERT INTO Thesis (serialNumber, field, type, title, startDate, endDate, defenseDate, grade, payment_id, noExtension)
Values(1, 'Electronics', 'MSc', 'Electronics Thesis', '2017-1-24', '2018-1-11', '2019-1-21', 3.19, 1, 0);
INSERT Into GucianStudent(id, firstName, lastName, type, faculty, address, GPA, undergradID)
Values(2, 'zephan', 'iel', 'MSc', 'Computer Science', 'uxjlpqj street', 2.13, '22-9997');
INSERT INTO Thesis (serialNumber, field, type, title, startDate, endDate, defenseDate, grade, payment_id, noExtension)
Values(2, 'Computer Science', 'MSc', 'Computer Science Thesis', '2017-2-5', '2018-2-26', '2019-2-24', 0.39, 2, 1);
INSERT Into GucianStudent(id, firstName, lastName, type, faculty, address, GPA, undergradID)
Values(3, 'afonso', 'fohri', 'MSc', 'Management', 'xkmekfl street', 3.13, '7-0786');
INSERT INTO Thesis (serialNumber, field, type, title, startDate, endDate, defenseDate, grade, payment_id, noExtension)
Values(3, 'Management', 'MSc', 'Management Thesis', '2017-3-12', '2018-3-12', '2019-3-2', 1.63, 3, 1);
INSERT Into GucianStudent(id, firstName, lastName, type, faculty, address, GPA, undergradID)
Values(4, 'alof', 'lari', 'MSc', 'Management', 'itfminoyri street', 2.68, '39-2279');
INSERT INTO Thesis (serialNumber, field, type, title, startDate, endDate, defenseDate, grade, payment_id, noExtension)
Values(4, 'Management', 'MSc', 'Management Thesis', '2017-4-10', '2018-4-3', '2019-4-16', 1.38, 4, 2);
INSERT Into GucianStudent(id, firstName, lastName, type, faculty, address, GPA, undergradID)
Values(5, 'anuja', 'regli', 'MSc', 'Computer Science', 'dlvhuanv street', 3.09, '4-8140');
INSERT INTO Thesis (serialNumber, field, type, title, startDate, endDate, defenseDate, grade, payment_id, noExtension)
Values(5, 'Computer Science', 'MSc', 'Computer Science Thesis', '2017-5-16', '2018-5-6', '2019-5-25', 1.94, 5, 1);
INSERT Into GucianStudent(id, firstName, lastName, type, faculty, address, GPA, undergradID)
Values(6, 'corn', 'elio', 'MSc', 'Computer Science', 'plleet street', 0.27, '22-4417');
INSERT INTO Thesis (serialNumber, field, type, title, startDate, endDate, defenseDate, grade, payment_id, noExtension)
Values(6, 'Computer Science', 'MSc', 'Computer Science Thesis', '2017-6-2', '2018-6-7', '2019-6-28', 3.80, 6, 2);
INSERT Into GucianStudent(id, firstName, lastName, type, faculty, address, GPA, undergradID)
Values(7, 'audam', 'ar', 'MSc', 'Computer Science', 'hvaeuh street', 1.20, '24-9420');
INSERT INTO Thesis (serialNumber, field, type, title, startDate, endDate, defenseDate, grade, payment_id, noExtension)
Values(7, 'Computer Science', 'MSc', 'Computer Science Thesis', '2017-7-14', '2018-7-28', '2019-7-16', 0.31, 7, 0);
INSERT Into GucianStudent(id, firstName, lastName, type, faculty, address, GPA, undergradID)
Values(8, 'noran', 'nero', 'MSc', 'Pharmacy', 'hpkelzuxmu street', 3.27, '23-3696');
INSERT INTO Thesis (serialNumber, field, type, title, startDate, endDate, defenseDate, grade, payment_id, noExtension)
Values(8, 'Pharmacy', 'MSc', 'Pharmacy Thesis', '2017-8-14', '2018-8-8', '2019-8-4', 1.11, 8, 1);
INSERT Into GucianStudent(id, firstName, lastName, type, faculty, address, GPA, undergradID)
Values(9, 'anish', 'laro', 'PhD', 'Computer Science', 'blidtkb street', 2.34, '12-4790');
INSERT INTO Thesis (serialNumber, field, type, title, startDate, endDate, defenseDate, grade, payment_id, noExtension)
Values(9, 'Computer Science', 'PhD', 'Computer Science Thesis', '2017-9-6', '2018-9-7', '2019-9-24', 1.99, 9, 0);
INSERT Into GucianStudent(id, firstName, lastName, type, faculty, address, GPA, undergradID)
Values(10, 'silas', 'fatsani', 'PhD', 'Management', 'eoymtjp street', 1.85, '34-0478');
INSERT INTO Thesis (serialNumber, field, type, title, startDate, endDate, defenseDate, grade, payment_id, noExtension)
Values(10, 'Management', 'PhD', 'Management Thesis', '2017-10-20', '2018-10-21', '2019-10-26', 1.94, 10, 1);
INSERT Into GucianStudent(id, firstName, lastName, type, faculty, address, GPA, undergradID)
Values(11, 'mina', 'bartolome', 'PhD', 'Pharmacy', 'vjhmnuexj street', 1.63, '21-0211');
INSERT INTO Thesis (serialNumber, field, type, title, startDate, endDate, defenseDate, grade, payment_id, noExtension)
Values(11, 'Pharmacy', 'PhD', 'Pharmacy Thesis', '2017-11-28', '2018-11-10', '2019-11-11', 0.50, 11, 2);
INSERT Into GucianStudent(id, firstName, lastName, type, faculty, address, GPA, undergradID)
Values(12, 'nirmala', 'themix', 'PhD', 'Electronics', 'miuntkry street', 2.21, '2-2192');
INSERT INTO Thesis (serialNumber, field, type, title, startDate, endDate, defenseDate, grade, payment_id, noExtension)
Values(12, 'Electronics', 'PhD', 'Electronics Thesis', '2018-12-26', '2019-12-28', '2020-12-10', 0.85, 12, 2);
INSERT Into GucianStudent(id, firstName, lastName, type, faculty, address, GPA, undergradID)
Values(13, 'nassim', 'farka', 'PhD', 'Pharmacy', 'wqbsnl street', 1.80, '38-1120');
INSERT INTO Thesis (serialNumber, field, type, title, startDate, endDate, defenseDate, grade, payment_id, noExtension)
Values(13, 'Pharmacy', 'PhD', 'Pharmacy Thesis', '2018-1-28', '2019-1-14', '2020-1-14', 1.59, 13, 0);
INSERT Into GucianStudent(id, firstName, lastName, type, faculty, address, GPA, undergradID)
Values(14, 'gennadius', 'erna', 'PhD', 'Management', 'rlxziol street', 2.39, '15-9670');
INSERT INTO Thesis (serialNumber, field, type, title, startDate, endDate, defenseDate, grade, payment_id, noExtension)
Values(14, 'Management', 'PhD', 'Management Thesis', '2018-2-4', '2019-2-1', '2020-2-23', 2.08, 14, 2);
INSERT Into GucianStudent(id, firstName, lastName, type, faculty, address, GPA, undergradID)
Values(15, 'silvijo', 'sree', 'PhD', 'Management', 'yvfunqaqj street', 2.25, '16-5990');
INSERT INTO Thesis (serialNumber, field, type, title, startDate, endDate, defenseDate, grade, payment_id, noExtension)
Values(15, 'Management', 'PhD', 'Management Thesis', '2018-3-23', '2019-3-12', '2020-3-16', 3.75, 15, 1);
INSERT Into NonGucianStudent(id, firstName, lastName, type, faculty, address, GPA)
Values(16, 'janna', 'josefine', 'MSc', 'Management', 'hqwkozcvs street', 0.36);
INSERT INTO Thesis (serialNumber, field, type, title, startDate, endDate, defenseDate, grade, payment_id, noExtension)
Values(16, 'Management', 'MSc', 'Management Thesis', '2018-4-5', '2019-4-10', '2020-4-4', 2.39, 16, 1);
INSERT Into NonGucianStudent(id, firstName, lastName, type, faculty, address, GPA)
Values(17, 'bert', 'jia', 'MSc', 'Computer Science', 'xfuyyorp street', 2.40);
INSERT INTO Thesis (serialNumber, field, type, title, startDate, endDate, defenseDate, grade, payment_id, noExtension)
Values(17, 'Computer Science', 'MSc', 'Computer Science Thesis', '2018-5-21', '2019-5-22', '2020-5-5', 2.83, 17, 1);
INSERT Into NonGucianStudent(id, firstName, lastName, type, faculty, address, GPA)
Values(18, 'machli', 'jen', 'MSc', 'Computer Science', 'fbyoxuh street', 1.61);
INSERT INTO Thesis (serialNumber, field, type, title, startDate, endDate, defenseDate, grade, payment_id, noExtension)
Values(18, 'Computer Science', 'MSc', 'Computer Science Thesis', '2018-6-24', '2019-6-1', '2020-6-27', 0.42, 18, 0);
INSERT Into NonGucianStudent(id, firstName, lastName, type, faculty, address, GPA)
Values(19, 'borja', 'aong', 'MSc', 'Computer Science', 'vgjlvpsv street', 3.83);
INSERT INTO Thesis (serialNumber, field, type, title, startDate, endDate, defenseDate, grade, payment_id, noExtension)
Values(19, 'Computer Science', 'MSc', 'Computer Science Thesis', '2018-7-12', '2019-7-1', '2020-7-18', 2.27, 19, 2);
INSERT Into NonGucianStudent(id, firstName, lastName, type, faculty, address, GPA)
Values(20, 'chetana', 'eef', 'MSc', 'Management', 'xstqye street', 0.22);
INSERT INTO Thesis (serialNumber, field, type, title, startDate, endDate, defenseDate, grade, payment_id, noExtension)
Values(20, 'Management', 'MSc', 'Management Thesis', '2018-8-6', '2019-8-2', '2020-8-16', 3.05, 20, 1);
INSERT Into NonGucianStudent(id, firstName, lastName, type, faculty, address, GPA)
Values(21, 'washington', 'dion', 'MSc', 'Pharmacy', 'tykwkshzdq street', 2.71);
INSERT INTO Thesis (serialNumber, field, type, title, startDate, endDate, defenseDate, grade, payment_id, noExtension)
Values(21, 'Pharmacy', 'MSc', 'Pharmacy Thesis', '2018-9-15', '2019-9-22', '2020-9-9', 1.22, 21, 2);
INSERT Into NonGucianStudent(id, firstName, lastName, type, faculty, address, GPA)
Values(22, 'quint', 'kai', 'MSc', 'Pharmacy', 'wbcxogu street', 2.93);
INSERT INTO Thesis (serialNumber, field, type, title, startDate, endDate, defenseDate, grade, payment_id, noExtension)
Values(22, 'Pharmacy', 'MSc', 'Pharmacy Thesis', '2018-10-14', '2019-10-14', '2020-10-10', 0.78, 22, 1);
INSERT Into NonGucianStudent(id, firstName, lastName, type, faculty, address, GPA)
Values(23, 'aamina', 'jaki', 'MSc', 'Pharmacy', 'mrjyuibjmf street', 2.60);
INSERT INTO Thesis (serialNumber, field, type, title, startDate, endDate, defenseDate, grade, payment_id, noExtension)
Values(23, 'Pharmacy', 'MSc', 'Pharmacy Thesis', '2018-11-5', '2019-11-22', '2020-11-21', 1.28, 23, 2);
INSERT Into NonGucianStudent(id, firstName, lastName, type, faculty, address, GPA)
Values(24, 'elenora', 'andor', 'PhD', 'Electronics', 'tbnshqtjnc street', 0.73);
INSERT INTO Thesis (serialNumber, field, type, title, startDate, endDate, defenseDate, grade, payment_id, noExtension)
Values(24, 'Electronics', 'PhD', 'Electronics Thesis', '2019-12-21', '2020-12-6', '2021-12-26', 3.43, 24, 2);
INSERT Into NonGucianStudent(id, firstName, lastName, type, faculty, address, GPA)
Values(25, 'yuko', 'rafa', 'PhD', 'Computer Science', 'cevuqvm street', 3.70);
INSERT INTO Thesis (serialNumber, field, type, title, startDate, endDate, defenseDate, grade, payment_id, noExtension)
Values(25, 'Computer Science', 'PhD', 'Computer Science Thesis', '2019-1-9', '2020-1-4', '2021-1-13', 0.23, 25, 0);
INSERT Into NonGucianStudent(id, firstName, lastName, type, faculty, address, GPA)
Values(26, 'paulo', 'settimio', 'PhD', 'Management', 'pzdxjj street', 3.03);
INSERT INTO Thesis (serialNumber, field, type, title, startDate, endDate, defenseDate, grade, payment_id, noExtension)
Values(26, 'Management', 'PhD', 'Management Thesis', '2019-2-19', '2020-2-18', '2021-2-18', 1.41, 26, 1);
INSERT Into NonGucianStudent(id, firstName, lastName, type, faculty, address, GPA)
Values(27, 'punit', 'vladimir', 'PhD', 'Management', 'lstnnmqaiz street', 1.56);
INSERT INTO Thesis (serialNumber, field, type, title, startDate, endDate, defenseDate, grade, payment_id, noExtension)
Values(27, 'Management', 'PhD', 'Management Thesis', '2019-3-7', '2020-3-15', '2021-3-27', 2.87, 27, 1);
INSERT Into NonGucianStudent(id, firstName, lastName, type, faculty, address, GPA)
Values(28, 'marietta', 'troph', 'PhD', 'Computer Science', 'lnorhuvr street', 0.53);
INSERT INTO Thesis (serialNumber, field, type, title, startDate, endDate, defenseDate, grade, payment_id, noExtension)
Values(28, 'Computer Science', 'PhD', 'Computer Science Thesis', '2019-4-10', '2020-4-1', '2021-4-12', 3.62, 28, 0);
INSERT Into NonGucianStudent(id, firstName, lastName, type, faculty, address, GPA)
Values(29, 'laurentius', 'andrea', 'PhD', 'Management', 'uucrydtnzw street', 3.69);
INSERT INTO Thesis (serialNumber, field, type, title, startDate, endDate, defenseDate, grade, payment_id, noExtension)
Values(29, 'Management', 'PhD', 'Management Thesis', '2019-5-1', '2020-5-7', '2021-5-7', 2.29, 29, 0);
INSERT Into NonGucianStudent(id, firstName, lastName, type, faculty, address, GPA)
Values(30, 'filo', 'pavi', 'PhD', 'Computer Science', 'khzkwdxszc street', 0.83);
INSERT INTO Thesis (serialNumber, field, type, title, startDate, endDate, defenseDate, grade, payment_id, noExtension)
Values(30, 'Computer Science', 'PhD', 'Computer Science Thesis', '2019-6-25', '2020-6-22', '2021-6-14', 3.36, 30, 0);


INSERT INTO Supervisor(id, name, faculty) VALUES(31,'Ruska Sachna','Electronics');
INSERT INTO Supervisor(id, name, faculty) VALUES(32,'Annabelle Izumi','Computer Science');
INSERT INTO Supervisor(id, name, faculty) VALUES(33,'Charis Frang','Pharmacy');
INSERT INTO Supervisor(id, name, faculty) VALUES(34,'Ilker Judo','Management');
INSERT INTO Supervisor(id, name, faculty) VALUES(35,'Balint Gerhard','Pharmacy');
INSERT INTO Supervisor(id, name, faculty) VALUES(36,'Svanhild Nout','Computer Science');
INSERT INTO Supervisor(id, name, faculty) VALUES(37,'Marta Whit','Management');
INSERT INTO Supervisor(id, name, faculty) VALUES(38,'Sweet Gadisa','Computer Science');
INSERT INTO Supervisor(id, name, faculty) VALUES(39,'Gillian Hugh','Electronics');


INSERT INTO Examiner(id, name, fieldOfWork, isNational) VALUES(40,'Bart Mustafa','Electronics',0);
INSERT INTO Examiner(id, name, fieldOfWork, isNational) VALUES(41,'Hektor Fjolla','Computer Science',1);
INSERT INTO Examiner(id, name, fieldOfWork, isNational) VALUES(42,'Gwen Abdullah','',1);
INSERT INTO Examiner(id, name, fieldOfWork, isNational) VALUES(43,'Marianne Cuthbert','',1);
INSERT INTO Examiner(id, name, fieldOfWork, isNational) VALUES(44,'Alwin Divina','Computer Science',0);
INSERT INTO Examiner(id, name, fieldOfWork, isNational) VALUES(45,'Sophronia Eutro','Electronics',0);
INSERT INTO Examiner(id, name, fieldOfWork, isNational) VALUES(46,'Prita Mino','Management',1);
INSERT INTO Examiner(id, name, fieldOfWork, isNational) VALUES(47,'Morris Loui','Pharmacy',0);

INSERT INTO Admin(id) VALUES(48);
INSERT INTO Admin(id) VALUES(49);
INSERT INTO Admin(id) VALUES(50);


INSERT INTO Payment (id, amount, no_Installments, fundPercentage) VALUES (1, 9974, 1, 0.0);
INSERT INTO Payment (id, amount, no_Installments, fundPercentage) VALUES (2, 4251, 1, 0.1);
INSERT INTO Payment (id, amount, no_Installments, fundPercentage) VALUES (3, 6210, 1, 0.5);
INSERT INTO Payment (id, amount, no_Installments, fundPercentage) VALUES (4, 6819, 2, 0.1);
INSERT INTO Payment (id, amount, no_Installments, fundPercentage) VALUES (5, 4307, 1, 0.1);
INSERT INTO Payment (id, amount, no_Installments, fundPercentage) VALUES (6, 1416, 3, 0.0);
INSERT INTO Payment (id, amount, no_Installments, fundPercentage) VALUES (7, 9052, 1, 0.3);
INSERT INTO Payment (id, amount, no_Installments, fundPercentage) VALUES (8, 3052, 1, 0.1);
INSERT INTO Payment (id, amount, no_Installments, fundPercentage) VALUES (9, 7243, 1, 0.2);
INSERT INTO Payment (id, amount, no_Installments, fundPercentage) VALUES (10, 3121, 1, 0.1);
INSERT INTO Payment (id, amount, no_Installments, fundPercentage) VALUES (11, 4183, 5, 0.2);
INSERT INTO Payment (id, amount, no_Installments, fundPercentage) VALUES (12, 8921, 1, 0.1);
INSERT INTO Payment (id, amount, no_Installments, fundPercentage) VALUES (13, 7817, 1, 0.1);
INSERT INTO Payment (id, amount, no_Installments, fundPercentage) VALUES (14, 3409, 2, 0.8);
INSERT INTO Payment (id, amount, no_Installments, fundPercentage) VALUES (15, 1247, 1, 0.1);
INSERT INTO Payment (id, amount, no_Installments, fundPercentage) VALUES (16, 9974, 1, 0.0);
INSERT INTO Payment (id, amount, no_Installments, fundPercentage) VALUES (17, 4251, 1, 0.1);
INSERT INTO Payment (id, amount, no_Installments, fundPercentage) VALUES (18, 6210, 1, 0.5);
INSERT INTO Payment (id, amount, no_Installments, fundPercentage) VALUES (19, 6819, 2, 0.1);
INSERT INTO Payment (id, amount, no_Installments, fundPercentage) VALUES (20, 4307, 1, 0.1);
INSERT INTO Payment (id, amount, no_Installments, fundPercentage) VALUES (21, 1416, 3, 0.0);
INSERT INTO Payment (id, amount, no_Installments, fundPercentage) VALUES (22, 9052, 1, 0.3);
INSERT INTO Payment (id, amount, no_Installments, fundPercentage) VALUES (23, 3052, 1, 0.1);
INSERT INTO Payment (id, amount, no_Installments, fundPercentage) VALUES (24, 7243, 1, 0.2);
INSERT INTO Payment (id, amount, no_Installments, fundPercentage) VALUES (25, 3121, 1, 0.1);
INSERT INTO Payment (id, amount, no_Installments, fundPercentage) VALUES (26, 4183, 5, 0.2);
INSERT INTO Payment (id, amount, no_Installments, fundPercentage) VALUES (27, 8921, 1, 0.1);
INSERT INTO Payment (id, amount, no_Installments, fundPercentage) VALUES (28, 7817, 1, 0.1);
INSERT INTO Payment (id, amount, no_Installments, fundPercentage) VALUES (29, 3409, 2, 0.8);
INSERT INTO Payment (id, amount, no_Installments, fundPercentage) VALUES (30, 1247, 1, 0.1);


INSERT INTO Installment (date, paymentId, amount, done) VALUES ('2019-02-14', 1, 9974, 1);
INSERT INTO Installment (date, paymentId, amount, done) VALUES ('2019-05-02', 2, 4251, 0);
INSERT INTO Installment (date, paymentId, amount, done) VALUES ('2019-07-15', 3, 6210, 1);
INSERT INTO Installment (date, paymentId, amount, done) VALUES ('2019-09-01', 4, 3819, 1);
INSERT INTO Installment (date, paymentId, amount, done) VALUES ('2019-10-17', 4, 3819, 1);
INSERT INTO Installment (date, paymentId, amount, done) VALUES ('2019-10-18', 5, 4307, 1);
INSERT INTO Installment (date, paymentId, amount, done) VALUES ('2019-11-14', 6, 416, 1);
INSERT INTO Installment (date, paymentId, amount, done) VALUES ('2019-12-31', 6, 500, 1);
INSERT INTO Installment (date, paymentId, amount, done) VALUES ('2020-01-08', 6, 500, 1);
INSERT INTO Installment (date, paymentId, amount, done) VALUES ('2020-01-14', 7, 9052, 1);
INSERT INTO Installment (date, paymentId, amount, done) VALUES ('2020-02-02', 8, 3052, 1);
INSERT INTO Installment (date, paymentId, amount, done) VALUES ('2020-02-15', 9, 7243, 1);
INSERT INTO Installment (date, paymentId, amount, done) VALUES ('2020-03-21', 10, 3121, 1);
INSERT INTO Installment (date, paymentId, amount, done) VALUES ('2020-07-27', 11, 1000, 1);
INSERT INTO Installment (date, paymentId, amount, done) VALUES ('2020-10-26', 11, 1000, 1);
INSERT INTO Installment (date, paymentId, amount, done) VALUES ('2021-01-28', 11, 1000, 0);
INSERT INTO Installment (date, paymentId, amount, done) VALUES ('2021-02-04', 11, 1000, 1);
INSERT INTO Installment (date, paymentId, amount, done) VALUES ('2021-02-05', 11, 183, 1);
INSERT INTO Installment (date, paymentId, amount, done) VALUES ('2021-09-27', 12, 8921, 0);
INSERT INTO Installment (date, paymentId, amount, done) VALUES ('2021-10-03', 13, 7817, 1);
INSERT INTO Installment (date, paymentId, amount, done) VALUES ('2021-10-05', 14, 3009, 1);
INSERT INTO Installment (date, paymentId, amount, done) VALUES ('2021-11-29', 14, 400, 1);
INSERT INTO Installment (date, paymentId, amount, done) VALUES ('2021-12-09', 15, 1247, 0);
INSERT INTO Installment (date, paymentId, amount, done) VALUES ('2019-02-14', 16, 9974, 1);
INSERT INTO Installment (date, paymentId, amount, done) VALUES ('2019-05-02', 17, 4251, 0);
INSERT INTO Installment (date, paymentId, amount, done) VALUES ('2019-07-15', 18, 6210, 0);
INSERT INTO Installment (date, paymentId, amount, done) VALUES ('2019-09-01', 19, 3819, 0);
INSERT INTO Installment (date, paymentId, amount, done) VALUES ('2019-10-17', 19, 3819, 1);
INSERT INTO Installment (date, paymentId, amount, done) VALUES ('2019-10-18', 20, 4307, 1);
INSERT INTO Installment (date, paymentId, amount, done) VALUES ('2019-11-14', 21, 416, 1);
INSERT INTO Installment (date, paymentId, amount, done) VALUES ('2019-12-31', 21, 500, 1);
INSERT INTO Installment (date, paymentId, amount, done) VALUES ('2020-01-08', 21, 500, 1);
INSERT INTO Installment (date, paymentId, amount, done) VALUES ('2020-01-14', 22, 9052, 0);
INSERT INTO Installment (date, paymentId, amount, done) VALUES ('2020-02-02', 23, 3052, 0);
INSERT INTO Installment (date, paymentId, amount, done) VALUES ('2020-02-15', 24, 7243, 0);
INSERT INTO Installment (date, paymentId, amount, done) VALUES ('2020-03-21', 25, 3121, 1);
INSERT INTO Installment (date, paymentId, amount, done) VALUES ('2020-07-27', 26, 1000, 1);
INSERT INTO Installment (date, paymentId, amount, done) VALUES ('2020-10-26', 26, 1000, 0);
INSERT INTO Installment (date, paymentId, amount, done) VALUES ('2021-01-28', 26, 1000, 1);
INSERT INTO Installment (date, paymentId, amount, done) VALUES ('2021-02-04', 26, 1000, 1);
INSERT INTO Installment (date, paymentId, amount, done) VALUES ('2021-02-05', 26, 183, 1);
INSERT INTO Installment (date, paymentId, amount, done) VALUES ('2021-09-27', 27, 8921, 1);
INSERT INTO Installment (date, paymentId, amount, done) VALUES ('2021-10-03', 28, 7817, 1);
INSERT INTO Installment (date, paymentId, amount, done) VALUES ('2021-10-05', 29, 3009, 0);
INSERT INTO Installment (date, paymentId, amount, done) VALUES ('2021-11-29', 29, 400, 1);
INSERT INTO Installment (date, paymentId, amount, done) VALUES ('2021-12-09', 30, 1247, 0);


INSERT INTO Course (id, fees,creditHours, code) VALUES (1, 1000, 3, 'CS101');
INSERT INTO Course (id, fees,creditHours, code) VALUES (2, 2000, 4, 'CS102');
INSERT INTO Course (id, fees,creditHours, code) VALUES (3, 3000, 3, 'CS103');
INSERT INTO Course (id, fees,creditHours, code) VALUES (4, 4000, 4, 'CS104');
INSERT INTO Course (id, fees,creditHours, code) VALUES (5, 5000, 3, 'CS105');
INSERT INTO Course (id, fees,creditHours, code) VALUES (6, 1000, 4, 'CS106');

INSERT INTO NonGucianStudentTakeCourse (sid, cid, grade) VALUES (16, 1, 'A');
INSERT INTO NonGucianStudentTakeCourse (sid, cid, grade) VALUES (16, 2, 'B');
INSERT INTO NonGucianStudentTakeCourse (sid, cid, grade) VALUES (16, 3, 'A');
INSERT INTO NonGucianStudentTakeCourse (sid, cid, grade) VALUES (17, 4, 'C');
INSERT INTO NonGucianStudentTakeCourse (sid, cid, grade) VALUES (18, 5, 'D');
INSERT INTO NonGucianStudentTakeCourse (sid, cid, grade) VALUES (19, 5, 'D');
INSERT INTO NonGucianStudentTakeCourse (sid, cid, grade) VALUES (20, 3, 'A');
INSERT INTO NonGucianStudentTakeCourse (sid, cid, grade) VALUES (20, 4, 'B');
INSERT INTO NonGucianStudentTakeCourse (sid, cid, grade) VALUES (25, 3, 'A');
INSERT INTO NonGucianStudentTakeCourse (sid, cid, grade) VALUES (25, 2, 'C');
INSERT INTO NonGucianStudentTakeCourse (sid, cid, grade) VALUES (27, 1, 'D');
INSERT INTO NonGucianStudentTakeCourse (sid, cid, grade) VALUES (27, 1, 'B');
INSERT INTO NonGucianStudentTakeCourse (sid, cid, grade) VALUES (28, 2, 'C');
INSERT INTO NonGucianStudentTakeCourse (sid, cid, grade) VALUES (29, 3, 'A');
INSERT INTO NonGucianStudentTakeCourse (sid, cid, grade) VALUES (30, 4, 'B');
INSERT INTO NonGucianStudentTakeCourse (sid, cid, grade) VALUES (30, 6, 'A');


-- INSERT INTO GUCianProgressReport(sid,no,date,eval,state,thesisSerialNumber,stupid) VALUES (1,1,'2008-01-24','ut dictum scelerisque In','sagittis sit',1,33);
-- INSERT INTO GUCianProgressReport(sid,no,date,eval,state,thesisSerialNumber,stupid) VALUES (1,2,'2011-02-05','Orci varius natoque penatibus','leo nec',1,38);
-- INSERT INTO GUCianProgressReport(sid,no,date,eval,state,thesisSerialNumber,stupid) VALUES (2,1,'2017-01-24','a rutrum tempus nulla','ligula accumsan',2,38);
-- INSERT INTO GUCianProgressReport(sid,no,date,eval,state,thesisSerialNumber,stupid) VALUES (3,1,'2007-03-03','mus Phasellus vitae mi','varius natoque',3,39);
-- INSERT INTO GUCianProgressReport(sid,no,date,eval,state,thesisSerialNumber,stupid) VALUES (3,2,'2013-05-21','habitasse platea dictumst Suspendisse','lacinia mollis',3,38);
-- INSERT INTO GUCianProgressReport(sid,no,date,eval,state,thesisSerialNumber,stupid) VALUES (4,1,'2007-12-14','In at consequat erat','dictum tortor',4,31);
-- INSERT INTO GUCianProgressReport(sid,no,date,eval,state,thesisSerialNumber,stupid) VALUES (4,2,'2005-02-19','ac leo pulvinar finibus','arcu egestas',4,35);
-- INSERT INTO GUCianProgressReport(sid,no,date,eval,state,thesisSerialNumber,stupid) VALUES (4,3,'2003-06-02','eget Aenean vel libero','scelerisque Sed',4,36);
-- INSERT INTO GUCianProgressReport(sid,no,date,eval,state,thesisSerialNumber,stupid) VALUES (5,1,'2003-02-17','malesuada facilisis elit eget','ligula eget',5,34);
-- INSERT INTO GUCianProgressReport(sid,no,date,eval,state,thesisSerialNumber,stupid) VALUES (5,2,'2018-08-16','Nullam vel iaculis mauris','non eleifend',5,38);
-- INSERT INTO GUCianProgressReport(sid,no,date,eval,state,thesisSerialNumber,stupid) VALUES (5,3,'2015-02-06','nascetur ridiculus mus Phasellus','erat turpis',5,37);
-- INSERT INTO GUCianProgressReport(sid,no,date,eval,state,thesisSerialNumber,stupid) VALUES (6,1,'2012-09-18','sapien mattis nec commodo','tortor cursus',6,35);
-- INSERT INTO GUCianProgressReport(sid,no,date,eval,state,thesisSerialNumber,stupid) VALUES (7,1,'2010-10-14','placerat Ut tristique quam','imperdiet lorem',7,32);
-- INSERT INTO GUCianProgressReport(sid,no,date,eval,state,thesisSerialNumber,stupid) VALUES (8,1,'2007-10-16','felis non fringilla Praesent','massa lacinia',8,33);
-- INSERT INTO GUCianProgressReport(sid,no,date,eval,state,thesisSerialNumber,stupid) VALUES (9,1,'2013-10-28','nascetur ridiculus mus Phasellus','cursus interdum',9,37);
-- INSERT INTO GUCianProgressReport(sid,no,date,eval,state,thesisSerialNumber,stupid) VALUES (9,2,'2015-10-24','mattis dapibus libero Etiam','dui nec',9,31);
-- INSERT INTO GUCianProgressReport(sid,no,date,eval,state,thesisSerialNumber,stupid) VALUES (10,1,'2003-08-19','nunc quis massa lacinia','ipsum sed',10,33);
-- INSERT INTO GUCianProgressReport(sid,no,date,eval,state,thesisSerialNumber,stupid) VALUES (10,2,'2006-10-03','tincidunt metus nulla sed','eget enim',10,38);
-- INSERT INTO GUCianProgressReport(sid,no,date,eval,state,thesisSerialNumber,stupid) VALUES (11,1,'2005-08-14','euismod eget Etiam nunc','ut dictum',11,36);
-- INSERT INTO GUCianProgressReport(sid,no,date,eval,state,thesisSerialNumber,stupid) VALUES (12,1,'2004-05-02','natoque penatibus et magnis','Suspendisse est',12,39);
-- INSERT INTO GUCianProgressReport(sid,no,date,eval,state,thesisSerialNumber,stupid) VALUES (13,1,'2017-11-21','in tincidunt felis vel','nisi lobortis',13,35);
-- INSERT INTO GUCianProgressReport(sid,no,date,eval,state,thesisSerialNumber,stupid) VALUES (13,2,'2016-11-14','ut dictum scelerisque In','hendrerit Sed',13,32);
-- INSERT INTO GUCianProgressReport(sid,no,date,eval,state,thesisSerialNumber,stupid) VALUES (13,3,'2020-06-09','interdum Integer bibendum nunc','natoque penatibus',13,31);
-- INSERT INTO GUCianProgressReport(sid,no,date,eval,state,thesisSerialNumber,stupid) VALUES (14,1,'2013-09-07','commodo maximus lorem leo','a rutrum',14,37);
-- INSERT INTO GUCianProgressReport(sid,no,date,eval,state,thesisSerialNumber,stupid) VALUES (14,2,'2001-04-24','efficitur et Suspendisse luctus','viverra eget',14,38);
-- INSERT INTO GUCianProgressReport(sid,no,date,eval,state,thesisSerialNumber,stupid) VALUES (15,1,'2019-08-24','metus urna in tortor','viverra eget',15,31);
-- INSERT INTO GUCianProgressReport(sid,no,date,eval,state,thesisSerialNumber,stupid) VALUES (15,2,'2018-12-27','convallis nisl non tempor','accumsan dui',15,39);

-- INSERT INTO NonGUCianProgressReport(sid,no,date,eval,state,thesisSerialNumber,stupid) VALUES (16,1,'2021-06-18','et diam efficitur in','Vestibulum accumsan',16,36);
-- INSERT INTO NonGUCianProgressReport(sid,no,date,eval,state,thesisSerialNumber,stupid) VALUES (16,2,'2018-02-07','Praesent in tincidunt felis','elit eget',16,33);
-- INSERT INTO NonGUCianProgressReport(sid,no,date,eval,state,thesisSerialNumber,stupid) VALUES (17,1,'2015-12-28','nunc nisi lobortis eu','mattis bibendum',17,39);
-- INSERT INTO NonGUCianProgressReport(sid,no,date,eval,state,thesisSerialNumber,stupid) VALUES (17,2,'2009-09-07','venenatis ullamcorper neque quis','lacus mollis',17,38);
-- INSERT INTO NonGUCianProgressReport(sid,no,date,eval,state,thesisSerialNumber,stupid) VALUES (18,1,'2009-04-10','diam Sed tempor erat','amet consectetur',18,38);
-- INSERT INTO NonGUCianProgressReport(sid,no,date,eval,state,thesisSerialNumber,stupid) VALUES (18,2,'2005-06-05','porttitor enim vestibulum non','placerat et',18,33);
-- INSERT INTO NonGUCianProgressReport(sid,no,date,eval,state,thesisSerialNumber,stupid) VALUES (19,1,'2012-12-26','sollicitudin Morbi venenatis ullamcorper','sed rhoncus',19,36);
-- INSERT INTO NonGUCianProgressReport(sid,no,date,eval,state,thesisSerialNumber,stupid) VALUES (19,2,'2003-10-18','ac turpis ullamcorper scelerisque','sed mi',19,39);
-- INSERT INTO NonGUCianProgressReport(sid,no,date,eval,state,thesisSerialNumber,stupid) VALUES (19,3,'2001-03-23','ligula accumsan dui nec','venenatis ullamcorper',19,37);
-- INSERT INTO NonGUCianProgressReport(sid,no,date,eval,state,thesisSerialNumber,stupid) VALUES (20,1,'2010-08-16','non sodales Vivamus mattis','eu orci',20,34);
-- INSERT INTO NonGUCianProgressReport(sid,no,date,eval,state,thesisSerialNumber,stupid) VALUES (21,1,'2013-12-06','turpis ullamcorper scelerisque Etiam','ornare Suspendisse',21,34);
-- INSERT INTO NonGUCianProgressReport(sid,no,date,eval,state,thesisSerialNumber,stupid) VALUES (21,2,'2003-09-17','felis vel malesuada quam','iaculis mauris',21,31);
-- INSERT INTO NonGUCianProgressReport(sid,no,date,eval,state,thesisSerialNumber,stupid) VALUES (21,3,'2002-03-25','tellus et diam efficitur','sollicitudin lorem',21,36);
-- INSERT INTO NonGUCianProgressReport(sid,no,date,eval,state,thesisSerialNumber,stupid) VALUES (22,1,'2010-03-01','neque nec lorem Pellentesque','aliquam enim',22,38);
-- INSERT INTO NonGUCianProgressReport(sid,no,date,eval,state,thesisSerialNumber,stupid) VALUES (22,2,'2008-08-15','arcu Pellentesque sapien nisi','viverra eget',22,31);
-- INSERT INTO NonGUCianProgressReport(sid,no,date,eval,state,thesisSerialNumber,stupid) VALUES (22,3,'2021-03-21','Lorem ipsum dolor sit','lobortis neque',22,32);
-- INSERT INTO NonGUCianProgressReport(sid,no,date,eval,state,thesisSerialNumber,stupid) VALUES (23,1,'2005-12-27','facilisis elit eget finibus','venenatis accumsan',23,33);
-- INSERT INTO NonGUCianProgressReport(sid,no,date,eval,state,thesisSerialNumber,stupid) VALUES (24,1,'2017-01-03','mi ipsum Nunc ut','augue consectetur',24,34);
-- INSERT INTO NonGUCianProgressReport(sid,no,date,eval,state,thesisSerialNumber,stupid) VALUES (25,1,'2010-12-20','massa ut dictum scelerisque','volutpat nulla',25,37);
-- INSERT INTO NonGUCianProgressReport(sid,no,date,eval,state,thesisSerialNumber,stupid) VALUES (25,2,'2001-12-14','ullamcorper orci leo Praesent','quis augue',25,38);
-- INSERT INTO NonGUCianProgressReport(sid,no,date,eval,state,thesisSerialNumber,stupid) VALUES (25,3,'2020-04-16','consequat erat In hac','posuere semper',25,38);
-- INSERT INTO NonGUCianProgressReport(sid,no,date,eval,state,thesisSerialNumber,stupid) VALUES (26,1,'2017-06-20','finibus nulla lorem aliquam','hac habitasse',26,39);
-- INSERT INTO NonGUCianProgressReport(sid,no,date,eval,state,thesisSerialNumber,stupid) VALUES (27,1,'2011-03-27','quis augue ac mattis','Nunc ut',27,33);
-- INSERT INTO NonGUCianProgressReport(sid,no,date,eval,state,thesisSerialNumber,stupid) VALUES (27,2,'2008-03-12','bibendum fringilla magna ex','euismod Vestibulum',27,37);
-- INSERT INTO NonGUCianProgressReport(sid,no,date,eval,state,thesisSerialNumber,stupid) VALUES (28,1,'2001-01-18','interdum Integer bibendum nunc','feugiat vel',28,34);
-- INSERT INTO NonGUCianProgressReport(sid,no,date,eval,state,thesisSerialNumber,stupid) VALUES (28,2,'2004-01-14','nisi sagittis sit amet','Vivamus dictum',28,33);
-- INSERT INTO NonGUCianProgressReport(sid,no,date,eval,state,thesisSerialNumber,stupid) VALUES (28,3,'2010-10-19','consequat dui a sapien','eu vulputate',28,39);
-- INSERT INTO NonGUCianProgressReport(sid,no,date,eval,state,thesisSerialNumber,stupid) VALUES (29,1,'2014-06-25','tempus nulla  Quisque','augue consectetur',29,37);
-- INSERT INTO NonGUCianProgressReport(sid,no,date,eval,state,thesisSerialNumber,stupid) VALUES (30,1,'2007-12-20','ut tortor rutrum ultrices','euismod eget',30,31);


INSERT INTO Defense (serialNumber, date, location, grade) VALUES (1, '2019-10-25' , 'uaaiboqaof', 'C');
INSERT INTO Defense (serialNumber, date, location, grade) VALUES (2, '2019-11-06' , 'eycnmmnjgm', 'A');
INSERT INTO Defense (serialNumber, date, location, grade) VALUES (3, '2019-11-17' , 'jlglsorxji', 'C');
INSERT INTO Defense (serialNumber, date, location, grade) VALUES (4, '2019-12-24' , 'fkxlnfsyja', 'B');
INSERT INTO Defense (serialNumber, date, location, grade) VALUES (5, '2020-04-16' , 'uhlunwjcfz', 'B');
INSERT INTO Defense (serialNumber, date, location, grade) VALUES (6, '2020-04-26' , 'tlronstsin', 'A');
INSERT INTO Defense (serialNumber, date, location, grade) VALUES (7, '2020-08-02' , 'xvdqgtgwqa', 'C');
INSERT INTO Defense (serialNumber, date, location, grade) VALUES (8, '2020-09-26' , 'gblqxlffcx', 'A');
INSERT INTO Defense (serialNumber, date, location, grade) VALUES (9, '2020-10-08' , 'eblgnnvngr', 'B');
INSERT INTO Defense (serialNumber, date, location, grade) VALUES (10, '2020-11-25' , 'iymfpkozpx', 'D');
INSERT INTO Defense (serialNumber, date, location, grade) VALUES (11, '2020-12-29' , 'dfbhnyrlvd', 'D');
INSERT INTO Defense (serialNumber, date, location, grade) VALUES (12, '2021-02-04' , 'xrievrmbya', 'B');
INSERT INTO Defense (serialNumber, date, location, grade) VALUES (13, '2021-08-20' , 'ywdwnmtdsu', 'C');
INSERT INTO Defense (serialNumber, date, location, grade) VALUES (14, '2021-10-21' , 'fnjdbajbge', 'A');
INSERT INTO Defense (serialNumber, date, location, grade) VALUES (15, '2021-12-01' , 'fllrboklop', 'D');
INSERT INTO Defense (serialNumber, date, location, grade) VALUES (16, '2019-10-25' , 'uaaiboqaof', 'C');
INSERT INTO Defense (serialNumber, date, location, grade) VALUES (17, '2019-11-06' , 'eycnmmnjgm', 'A');
INSERT INTO Defense (serialNumber, date, location, grade) VALUES (18, '2019-11-17' , 'jlglsorxji', 'C');
INSERT INTO Defense (serialNumber, date, location, grade) VALUES (19, '2019-12-24' , 'fkxlnfsyja', 'B');
INSERT INTO Defense (serialNumber, date, location, grade) VALUES (20, '2020-04-16' , 'uhlunwjcfz', 'B');
INSERT INTO Defense (serialNumber, date, location, grade) VALUES (21, '2020-04-26' , 'tlronstsin', 'A');
INSERT INTO Defense (serialNumber, date, location, grade) VALUES (22, '2020-08-02' , 'xvdqgtgwqa', 'C');
INSERT INTO Defense (serialNumber, date, location, grade) VALUES (23, '2020-09-26' , 'gblqxlffcx', 'A');
INSERT INTO Defense (serialNumber, date, location, grade) VALUES (24, '2020-10-08' , 'eblgnnvngr', 'B');
INSERT INTO Defense (serialNumber, date, location, grade) VALUES (25, '2020-11-25' , 'iymfpkozpx', 'D');
INSERT INTO Defense (serialNumber, date, location, grade) VALUES (26, '2020-12-29' , 'dfbhnyrlvd', 'D');
INSERT INTO Defense (serialNumber, date, location, grade) VALUES (27, '2021-02-04' , 'xrievrmbya', 'B');
INSERT INTO Defense (serialNumber, date, location, grade) VALUES (28, '2021-08-20' , 'ywdwnmtdsu', 'C');
INSERT INTO Defense (serialNumber, date, location, grade) VALUES (29, '2021-10-21' , 'fnjdbajbge', 'A');
INSERT INTO Defense (serialNumber, date, location, grade) VALUES (30, '2021-12-01' , 'fllrboklop', 'D');

INSERT INTO ExaminerEvaluateDefense(date, serialNo, examinerId, comment) VALUES ('2019-10-25', 1, 40, 'One of the best thesises I have read');
INSERT INTO ExaminerEvaluateDefense(date, serialNo, examinerId, comment) VALUES ('2019-11-06', 2, 46, 'Made me cry');
INSERT INTO ExaminerEvaluateDefense(date, serialNo, examinerId, comment) VALUES ('2019-11-17', 3, 45, 'Please review line 325');
INSERT INTO ExaminerEvaluateDefense(date, serialNo, examinerId, comment) VALUES ('2019-12-24', 4, 42, 'Amazing');
INSERT INTO ExaminerEvaluateDefense(date, serialNo, examinerId, comment) VALUES ('2020-04-16', 5, 40, 'I love it');
INSERT INTO ExaminerEvaluateDefense(date, serialNo, examinerId, comment) VALUES ('2020-04-26', 6, 44, 'Amazing');
INSERT INTO ExaminerEvaluateDefense(date, serialNo, examinerId, comment) VALUES ('2020-08-02', 7, 41, 'Please review line 125');
INSERT INTO ExaminerEvaluateDefense(date, serialNo, examinerId, comment) VALUES ('2020-09-26', 8, 43, 'Excellent');
INSERT INTO ExaminerEvaluateDefense(date, serialNo, examinerId, comment) VALUES ('2020-10-08', 9, 43, 'HAAHAHAHAH');
INSERT INTO ExaminerEvaluateDefense(date, serialNo, examinerId, comment) VALUES ('2020-11-25', 10, 45, 'Very thought provoking');
INSERT INTO ExaminerEvaluateDefense(date, serialNo, examinerId, comment) VALUES ('2020-12-29', 11, 47, 'Excellent');
INSERT INTO ExaminerEvaluateDefense(date, serialNo, examinerId, comment) VALUES ('2021-02-04', 12, 47, 'Made me cry');
INSERT INTO ExaminerEvaluateDefense(date, serialNo, examinerId, comment) VALUES ('2021-08-20', 13, 46, 'Good');
INSERT INTO ExaminerEvaluateDefense(date, serialNo, examinerId, comment) VALUES ('2021-10-21', 14, 44, 'Excellent');
INSERT INTO ExaminerEvaluateDefense(date, serialNo, examinerId, comment) VALUES ('2021-12-01', 15, 41, 'Very bad');
INSERT INTO ExaminerEvaluateDefense(date, serialNo, examinerId, comment) VALUES ('2019-10-25', 16, 40, 'One of the best thesises I have read');
INSERT INTO ExaminerEvaluateDefense(date, serialNo, examinerId, comment) VALUES ('2019-11-06', 17, 46, 'Made me cry');
INSERT INTO ExaminerEvaluateDefense(date, serialNo, examinerId, comment) VALUES ('2019-11-17', 18, 45, 'Please review line 325');
INSERT INTO ExaminerEvaluateDefense(date, serialNo, examinerId, comment) VALUES ('2019-12-24', 19, 42, 'Would read again');
INSERT INTO ExaminerEvaluateDefense(date, serialNo, examinerId, comment) VALUES ('2020-04-16', 20, 40, 'I love it');
INSERT INTO ExaminerEvaluateDefense(date, serialNo, examinerId, comment) VALUES ('2020-04-26', 21, 44, 'Amazing');
INSERT INTO ExaminerEvaluateDefense(date, serialNo, examinerId, comment) VALUES ('2020-08-02', 22, 41, 'Please review line 131');
INSERT INTO ExaminerEvaluateDefense(date, serialNo, examinerId, comment) VALUES ('2020-09-26', 23, 43, 'Excellent');
INSERT INTO ExaminerEvaluateDefense(date, serialNo, examinerId, comment) VALUES ('2020-10-08', 24, 43, 'HAAHAHAHAH');
INSERT INTO ExaminerEvaluateDefense(date, serialNo, examinerId, comment) VALUES ('2020-11-25', 25, 45, 'Very thought provoking');
INSERT INTO ExaminerEvaluateDefense(date, serialNo, examinerId, comment) VALUES ('2020-12-29', 26, 47, 'Excellent');
INSERT INTO ExaminerEvaluateDefense(date, serialNo, examinerId, comment) VALUES ('2021-02-04', 27, 47, 'Made me cry');
INSERT INTO ExaminerEvaluateDefense(date, serialNo, examinerId, comment) VALUES ('2021-08-20', 28, 46, 'Good');
INSERT INTO ExaminerEvaluateDefense(date, serialNo, examinerId, comment) VALUES ('2021-10-21', 29, 44, 'Excellent');
INSERT INTO ExaminerEvaluateDefense(date, serialNo, examinerId, comment) VALUES ('2021-12-01', 30, 41, 'Meet me after defense');


-- INSERT INTO GUCianStudentRegisterThesis (sid, supid, serial_no) VALUES(1, 33, 1);
-- INSERT INTO GUCianStudentRegisterThesis (sid, supid, serial_no) VALUES(2, 39, 2);
-- INSERT INTO GUCianStudentRegisterThesis (sid, supid, serial_no) VALUES(3, 37, 3);
-- INSERT INTO GUCianStudentRegisterThesis (sid, supid, serial_no) VALUES(4, 31, 4);
-- INSERT INTO GUCianStudentRegisterThesis (sid, supid, serial_no) VALUES(5, 35, 5);
-- INSERT INTO GUCianStudentRegisterThesis (sid, supid, serial_no) VALUES(6, 38, 6);
-- INSERT INTO GUCianStudentRegisterThesis (sid, supid, serial_no) VALUES(7, 34, 7);
-- INSERT INTO GUCianStudentRegisterThesis (sid, supid, serial_no) VALUES(8, 37, 8);
-- INSERT INTO GUCianStudentRegisterThesis (sid, supid, serial_no) VALUES(9, 33, 9);
-- INSERT INTO GUCianStudentRegisterThesis (sid, supid, serial_no) VALUES(10, 32, 10);
-- INSERT INTO GUCianStudentRegisterThesis (sid, supid, serial_no) VALUES(11, 37, 11);
-- INSERT INTO GUCianStudentRegisterThesis (sid, supid, serial_no) VALUES(12, 36, 12);
-- INSERT INTO GUCianStudentRegisterThesis (sid, supid, serial_no) VALUES(13, 39, 13);
-- INSERT INTO GUCianStudentRegisterThesis (sid, supid, serial_no) VALUES(14, 38, 14);
-- INSERT INTO GUCianStudentRegisterThesis (sid, supid, serial_no) VALUES(15, 36, 15);

-- INSERT INTO NonGUCianStudentRegisterThesis (sid, supid, serial_no) VALUES (16, 34, 16);
-- INSERT INTO NonGUCianStudentRegisterThesis (sid, supid, serial_no) VALUES (17, 35, 17);
-- INSERT INTO NonGUCianStudentRegisterThesis (sid, supid, serial_no) VALUES (18, 31, 18);
-- INSERT INTO NonGUCianStudentRegisterThesis (sid, supid, serial_no) VALUES (19, 32, 19);
-- INSERT INTO NonGUCianStudentRegisterThesis (sid, supid, serial_no) VALUES (20, 32, 20);
-- INSERT INTO NonGUCianStudentRegisterThesis (sid, supid, serial_no) VALUES (21, 34, 21);
-- INSERT INTO NonGUCianStudentRegisterThesis (sid, supid, serial_no) VALUES (22, 32, 22);
-- INSERT INTO NonGUCianStudentRegisterThesis (sid, supid, serial_no) VALUES (23, 34, 23);
-- INSERT INTO NonGUCianStudentRegisterThesis (sid, supid, serial_no) VALUES (24, 35, 24);
-- INSERT INTO NonGUCianStudentRegisterThesis (sid, supid, serial_no) VALUES (25, 36, 25);
-- INSERT INTO NonGUCianStudentRegisterThesis (sid, supid, serial_no) VALUES (26, 31, 26);
-- INSERT INTO NonGUCianStudentRegisterThesis (sid, supid, serial_no) VALUES (27, 35, 27);
-- INSERT INTO NonGUCianStudentRegisterThesis (sid, supid, serial_no) VALUES (28, 31, 28);
-- INSERT INTO NonGUCianStudentRegisterThesis (sid, supid, serial_no) VALUES (29, 34, 29);
-- INSERT INTO NonGUCianStudentRegisterThesis (sid, supid, serial_no) VALUES (30, 36, 30);






INSERT INTO GUCianProgressReport(sid,no,date,eval,state,thesisSerialNumber,stupid) VALUES (1,1,'2010-13-24','nunc dictum quis augue','placerat Ut',1,39)
INSERT INTO GUCianProgressReport(sid,no,date,eval,state,thesisSerialNumber,stupid) VALUES (1,2,'2006-03-17','sit amet pulvinar finibus','Donec sollicitudin',1,38)
INSERT INTO GUCianProgressReport(sid,no,date,eval,state,thesisSerialNumber,stupid) VALUES (1,3,'2014-06-07','nulla vel massa faucibus','elementum Aliquam',1,38)
INSERT INTO GUCianProgressReport(sid,no,date,eval,state,thesisSerialNumber,stupid) VALUES (2,1,'2016-10-23','ac Cras cursus porttitor','iaculis mauris',2,34)
INSERT INTO GUCianProgressReport(sid,no,date,eval,state,thesisSerialNumber,stupid) VALUES (2,2,'2002-03-23','felis non fringilla Praesent','arcu ',2,32)
INSERT INTO GUCianProgressReport(sid,no,date,eval,state,thesisSerialNumber,stupid) VALUES (3,1,'2007-09-06','in magna Nullam vel','neque quis',3,33)
INSERT INTO GUCianProgressReport(sid,no,date,eval,state,thesisSerialNumber,stupid) VALUES (4,1,'2002-10-06','erat Suspendisse est nulla','sapien mattis',4,32)
INSERT INTO GUCianProgressReport(sid,no,date,eval,state,thesisSerialNumber,stupid) VALUES (4,2,'2005-05-22','efficitur et Suspendisse luctus','turpis eget',4,33)
INSERT INTO GUCianProgressReport(sid,no,date,eval,state,thesisSerialNumber,stupid) VALUES (4,3,'2019-06-28','eget feugiat  Maecenas','varius natoque',4,37)
INSERT INTO GUCianProgressReport(sid,no,date,eval,state,thesisSerialNumber,stupid) VALUES (5,1,'2006-07-16','natoque penatibus et magnis','non fringilla',5,34)
INSERT INTO GUCianProgressReport(sid,no,date,eval,state,thesisSerialNumber,stupid) VALUES (6,1,'2015-08-22','Suspendisse sodales velit ipsum','nascetur ridiculus',6,37)
INSERT INTO GUCianProgressReport(sid,no,date,eval,state,thesisSerialNumber,stupid) VALUES (6,2,'2007-08-11','ac mattis dapibus libero','neque quis',6,37)
INSERT INTO GUCianProgressReport(sid,no,date,eval,state,thesisSerialNumber,stupid) VALUES (6,3,'2002-13-26','ligula non vehicula nunc','rutrum ultrices',6,34)
INSERT INTO GUCianProgressReport(sid,no,date,eval,state,thesisSerialNumber,stupid) VALUES (7,1,'2016-03-04','eget enim rhoncus gravida','Vestibulum posuere',7,35)
INSERT INTO GUCianProgressReport(sid,no,date,eval,state,thesisSerialNumber,stupid) VALUES (7,2,'2003-08-06','lacinia mollis arcu Pellentesque','ac turpis',7,39)
INSERT INTO GUCianProgressReport(sid,no,date,eval,state,thesisSerialNumber,stupid) VALUES (7,3,'2003-11-01','sollicitudin Morbi venenatis ullamcorper','urna vestibulum',7,38)
INSERT INTO GUCianProgressReport(sid,no,date,eval,state,thesisSerialNumber,stupid) VALUES (8,1,'2010-06-20','non Orci varius natoque','sit amet',8,31)
INSERT INTO GUCianProgressReport(sid,no,date,eval,state,thesisSerialNumber,stupid) VALUES (8,2,'2017-09-03','purus eget placerat erat','dui a',8,32)
INSERT INTO GUCianProgressReport(sid,no,date,eval,state,thesisSerialNumber,stupid) VALUES (8,3,'2014-01-04','volutpat In eu elementum','in elit',8,34)
INSERT INTO GUCianProgressReport(sid,no,date,eval,state,thesisSerialNumber,stupid) VALUES (9,1,'2006-06-27','vitae euismod Vestibulum accumsan','consectetur adipiscing',9,35)
INSERT INTO GUCianProgressReport(sid,no,date,eval,state,thesisSerialNumber,stupid) VALUES (9,2,'2015-10-04','Quisque feugiat lobortis neque','fringilla posuere',9,31)
INSERT INTO GUCianProgressReport(sid,no,date,eval,state,thesisSerialNumber,stupid) VALUES (9,3,'2015-06-10','non fringilla Praesent in','pulvinar enim',9,31)
INSERT INTO GUCianProgressReport(sid,no,date,eval,state,thesisSerialNumber,stupid) VALUES (10,1,'2010-12-20','orci Ut feugiat turpis','enim rhoncus',10,31)
INSERT INTO GUCianProgressReport(sid,no,date,eval,state,thesisSerialNumber,stupid) VALUES (10,2,'2021-11-01','Suspendisse mollis posuere semper','scelerisque Etiam',10,32)
INSERT INTO GUCianProgressReport(sid,no,date,eval,state,thesisSerialNumber,stupid) VALUES (10,3,'2004-01-22','mattis sapien nec sapien','mi ipsum',10,36)
INSERT INTO GUCianProgressReport(sid,no,date,eval,state,thesisSerialNumber,stupid) VALUES (11,1,'2021-08-06','egestas pulvinar Vivamus commodo','finibus lacinia',11,34)
INSERT INTO GUCianProgressReport(sid,no,date,eval,state,thesisSerialNumber,stupid) VALUES (11,2,'2015-03-17','hac habitasse platea dictumst','eu odio',11,38)
INSERT INTO GUCianProgressReport(sid,no,date,eval,state,thesisSerialNumber,stupid) VALUES (12,1,'2019-07-04','enim et augue consectetur','enim rhoncus',12,33)
INSERT INTO GUCianProgressReport(sid,no,date,eval,state,thesisSerialNumber,stupid) VALUES (12,2,'2003-07-12','facilisis urna In at','dictum scelerisque',12,37)
INSERT INTO GUCianProgressReport(sid,no,date,eval,state,thesisSerialNumber,stupid) VALUES (13,1,'2017-09-19','sodales et Aliquam orci','Etiam nunc',13,36)
INSERT INTO GUCianProgressReport(sid,no,date,eval,state,thesisSerialNumber,stupid) VALUES (13,2,'2003-06-21','Aenean vel libero ac','ac mattis',13,31)
INSERT INTO GUCianProgressReport(sid,no,date,eval,state,thesisSerialNumber,stupid) VALUES (14,1,'2011-02-26','massa lacinia luctus ','lacus Cras',14,37)
INSERT INTO GUCianProgressReport(sid,no,date,eval,state,thesisSerialNumber,stupid) VALUES (14,2,'2015-03-04','enim euismod dictum eu','sollicitudin Morbi',14,38)
INSERT INTO GUCianProgressReport(sid,no,date,eval,state,thesisSerialNumber,stupid) VALUES (14,3,'2016-08-06','fringilla posuere nec in','bibendum Ut',14,38)
INSERT INTO GUCianProgressReport(sid,no,date,eval,state,thesisSerialNumber,stupid) VALUES (15,1,'2019-07-10','hendrerit tempus neque et','et Suspendisse',15,37)
INSERT INTO GUCianProgressReport(sid,no,date,eval,state,thesisSerialNumber,stupid) VALUES (15,2,'2014-12-27','ornare elementum Aliquam auctor','mattis dapibus',15,36)
INSERT INTO GUCianProgressReport(sid,no,date,eval,state,thesisSerialNumber,stupid) VALUES (15,3,'2006-13-13','purus mattis bibendum Ut','non sodales',15,34)
INSERT INTO NonGUCianProgressReport(sid,no,date,eval,state,thesisSerialNumber,stupid) VALUES (16,1,'2017-05-02','consequat erat In hac','consectetur massa',16,32)
INSERT INTO NonGUCianProgressReport(sid,no,date,eval,state,thesisSerialNumber,stupid) VALUES (16,2,'2003-09-06','risus velit venenatis sem','mattis dapibus',16,35)
INSERT INTO NonGUCianProgressReport(sid,no,date,eval,state,thesisSerialNumber,stupid) VALUES (16,3,'2015-07-19','nec leo Etiam hendrerit','erat In',16,38)
INSERT INTO NonGUCianProgressReport(sid,no,date,eval,state,thesisSerialNumber,stupid) VALUES (17,1,'2001-09-26','risus maximus eros eget','Vivamus tincidunt',17,34)
INSERT INTO NonGUCianProgressReport(sid,no,date,eval,state,thesisSerialNumber,stupid) VALUES (18,1,'2001-11-06','Mauris elementum lorem eget','malesuada facilisis',18,33)
INSERT INTO NonGUCianProgressReport(sid,no,date,eval,state,thesisSerialNumber,stupid) VALUES (18,2,'2008-10-23','rhoncus gravida Etiam dignissim','Vestibulum posuere',18,33)
INSERT INTO NonGUCianProgressReport(sid,no,date,eval,state,thesisSerialNumber,stupid) VALUES (19,1,'2014-13-14','odio Nam dolor velit','augue consectetur',19,38)
INSERT INTO NonGUCianProgressReport(sid,no,date,eval,state,thesisSerialNumber,stupid) VALUES (19,2,'2005-01-17','bibendum fringilla magna ex','pulvinar felis',19,39)
INSERT INTO NonGUCianProgressReport(sid,no,date,eval,state,thesisSerialNumber,stupid) VALUES (19,3,'2018-13-03','porttitor leo nec egestas','interdum Integer',19,32)
INSERT INTO NonGUCianProgressReport(sid,no,date,eval,state,thesisSerialNumber,stupid) VALUES (20,1,'2013-13-28','leo a ex ornare','Vivamus tincidunt',20,31)
INSERT INTO NonGUCianProgressReport(sid,no,date,eval,state,thesisSerialNumber,stupid) VALUES (21,1,'2002-10-22','lorem eget egestas scelerisque','vel malesuada',21,37)
INSERT INTO NonGUCianProgressReport(sid,no,date,eval,state,thesisSerialNumber,stupid) VALUES (21,2,'2020-09-25','Aliquam auctor neque quis','ornare Suspendisse',21,32)
INSERT INTO NonGUCianProgressReport(sid,no,date,eval,state,thesisSerialNumber,stupid) VALUES (22,1,'2013-06-03','Ut tristique quam purus','turpis non',22,36)
INSERT INTO NonGUCianProgressReport(sid,no,date,eval,state,thesisSerialNumber,stupid) VALUES (23,1,'2006-13-08','pulvinar enim in aliquam','Vivamus dictum',23,38)
INSERT INTO NonGUCianProgressReport(sid,no,date,eval,state,thesisSerialNumber,stupid) VALUES (23,2,'2003-07-22','elit risus maximus eros','ligula non',23,38)
INSERT INTO NonGUCianProgressReport(sid,no,date,eval,state,thesisSerialNumber,stupid) VALUES (24,1,'2019-01-28','ac diam fringilla posuere','varius natoque',24,33)
INSERT INTO NonGUCianProgressReport(sid,no,date,eval,state,thesisSerialNumber,stupid) VALUES (24,2,'2002-13-26','posuere sapien eget urna','faucibus consequat',24,38)
INSERT INTO NonGUCianProgressReport(sid,no,date,eval,state,thesisSerialNumber,stupid) VALUES (24,3,'2011-06-22','nec in magna Nullam','mi Suspendisse',24,36)
INSERT INTO NonGUCianProgressReport(sid,no,date,eval,state,thesisSerialNumber,stupid) VALUES (25,1,'2007-02-02','ut feugiat vel pulvinar','euismod Vestibulum',25,36)
INSERT INTO NonGUCianProgressReport(sid,no,date,eval,state,thesisSerialNumber,stupid) VALUES (25,2,'2002-03-19','ligula non vehicula nunc','sodales et',25,38)
INSERT INTO NonGUCianProgressReport(sid,no,date,eval,state,thesisSerialNumber,stupid) VALUES (25,3,'2005-05-18','Etiam vel tortor nec','nec leo',25,37)
INSERT INTO NonGUCianProgressReport(sid,no,date,eval,state,thesisSerialNumber,stupid) VALUES (26,1,'2021-11-14','bibendum Ut consequat dui','amet pulvinar',26,37)
INSERT INTO NonGUCianProgressReport(sid,no,date,eval,state,thesisSerialNumber,stupid) VALUES (27,1,'2018-11-17','interdum nisl non sodales','vel imperdiet',27,32)
INSERT INTO NonGUCianProgressReport(sid,no,date,eval,state,thesisSerialNumber,stupid) VALUES (27,2,'2001-08-15','euismod dictum eu ut','bibendum Ut',27,39)
INSERT INTO NonGUCianProgressReport(sid,no,date,eval,state,thesisSerialNumber,stupid) VALUES (27,3,'2009-13-07','dis parturient montes nascetur','bibendum nunc',27,37)
INSERT INTO NonGUCianProgressReport(sid,no,date,eval,state,thesisSerialNumber,stupid) VALUES (28,1,'2008-13-22','orci nunc dictum quis','tortor nec',28,33)
INSERT INTO NonGUCianProgressReport(sid,no,date,eval,state,thesisSerialNumber,stupid) VALUES (28,2,'2003-13-22','Nunc ut tortor rutrum','congue placerat',28,35)
INSERT INTO NonGUCianProgressReport(sid,no,date,eval,state,thesisSerialNumber,stupid) VALUES (29,1,'2010-10-01','nec in magna Nullam','non sodales',29,37)
INSERT INTO NonGUCianProgressReport(sid,no,date,eval,state,thesisSerialNumber,stupid) VALUES (29,2,'2007-03-25','risus maximus eros eget','in elit',29,38)
INSERT INTO NonGUCianProgressReport(sid,no,date,eval,state,thesisSerialNumber,stupid) VALUES (29,3,'2004-02-09','rutrum ex erat nec','ac laoreet',29,31)
INSERT INTO NonGUCianProgressReport(sid,no,date,eval,state,thesisSerialNumber,stupid) VALUES (30,1,'2010-02-28','tincidunt felis vel malesuada','dictumst Suspendisse',30,36)
INSERT INTO GUCianStudentRegisterThesis (sid, supid, serial_no) VALUES (1, 38, 1)
INSERT INTO GUCianStudentRegisterThesis (sid, supid, serial_no) VALUES (1, 39, 1)
INSERT INTO GUCianStudentRegisterThesis (sid, supid, serial_no) VALUES (2, 34, 2)
INSERT INTO GUCianStudentRegisterThesis (sid, supid, serial_no) VALUES (2, 32, 2)
INSERT INTO GUCianStudentRegisterThesis (sid, supid, serial_no) VALUES (3, 33, 3)
INSERT INTO GUCianStudentRegisterThesis (sid, supid, serial_no) VALUES (4, 32, 4)
INSERT INTO GUCianStudentRegisterThesis (sid, supid, serial_no) VALUES (4, 37, 4)
INSERT INTO GUCianStudentRegisterThesis (sid, supid, serial_no) VALUES (4, 33, 4)
INSERT INTO GUCianStudentRegisterThesis (sid, supid, serial_no) VALUES (5, 34, 5)
INSERT INTO GUCianStudentRegisterThesis (sid, supid, serial_no) VALUES (6, 37, 6)
INSERT INTO GUCianStudentRegisterThesis (sid, supid, serial_no) VALUES (6, 34, 6)
INSERT INTO GUCianStudentRegisterThesis (sid, supid, serial_no) VALUES (7, 38, 7)
INSERT INTO GUCianStudentRegisterThesis (sid, supid, serial_no) VALUES (7, 39, 7)
INSERT INTO GUCianStudentRegisterThesis (sid, supid, serial_no) VALUES (7, 35, 7)
INSERT INTO GUCianStudentRegisterThesis (sid, supid, serial_no) VALUES (8, 31, 8)
INSERT INTO GUCianStudentRegisterThesis (sid, supid, serial_no) VALUES (8, 34, 8)
INSERT INTO GUCianStudentRegisterThesis (sid, supid, serial_no) VALUES (8, 32, 8)
INSERT INTO GUCianStudentRegisterThesis (sid, supid, serial_no) VALUES (9, 35, 9)
INSERT INTO GUCianStudentRegisterThesis (sid, supid, serial_no) VALUES (9, 31, 9)
INSERT INTO GUCianStudentRegisterThesis (sid, supid, serial_no) VALUES (10, 32, 10)
INSERT INTO GUCianStudentRegisterThesis (sid, supid, serial_no) VALUES (10, 36, 10)
INSERT INTO GUCianStudentRegisterThesis (sid, supid, serial_no) VALUES (10, 31, 10)
INSERT INTO GUCianStudentRegisterThesis (sid, supid, serial_no) VALUES (11, 34, 11)
INSERT INTO GUCianStudentRegisterThesis (sid, supid, serial_no) VALUES (11, 38, 11)
INSERT INTO GUCianStudentRegisterThesis (sid, supid, serial_no) VALUES (12, 33, 12)
INSERT INTO GUCianStudentRegisterThesis (sid, supid, serial_no) VALUES (12, 37, 12)
INSERT INTO GUCianStudentRegisterThesis (sid, supid, serial_no) VALUES (13, 36, 13)
INSERT INTO GUCianStudentRegisterThesis (sid, supid, serial_no) VALUES (13, 31, 13)
INSERT INTO GUCianStudentRegisterThesis (sid, supid, serial_no) VALUES (14, 37, 14)
INSERT INTO GUCianStudentRegisterThesis (sid, supid, serial_no) VALUES (14, 38, 14)
INSERT INTO GUCianStudentRegisterThesis (sid, supid, serial_no) VALUES (15, 34, 15)
INSERT INTO GUCianStudentRegisterThesis (sid, supid, serial_no) VALUES (15, 37, 15)
INSERT INTO GUCianStudentRegisterThesis (sid, supid, serial_no) VALUES (15, 36, 15)
INSERT INTO NonGUCianStudentRegisterThesis (sid, supid, serial_no) VALUES (16, 32, 16)
INSERT INTO NonGUCianStudentRegisterThesis (sid, supid, serial_no) VALUES (16, 35, 16)
INSERT INTO NonGUCianStudentRegisterThesis (sid, supid, serial_no) VALUES (16, 38, 16)
INSERT INTO NonGUCianStudentRegisterThesis (sid, supid, serial_no) VALUES (17, 34, 17)
INSERT INTO NonGUCianStudentRegisterThesis (sid, supid, serial_no) VALUES (18, 33, 18)
INSERT INTO NonGUCianStudentRegisterThesis (sid, supid, serial_no) VALUES (19, 38, 19)
INSERT INTO NonGUCianStudentRegisterThesis (sid, supid, serial_no) VALUES (19, 39, 19)
INSERT INTO NonGUCianStudentRegisterThesis (sid, supid, serial_no) VALUES (19, 32, 19)
INSERT INTO NonGUCianStudentRegisterThesis (sid, supid, serial_no) VALUES (20, 31, 20)
INSERT INTO NonGUCianStudentRegisterThesis (sid, supid, serial_no) VALUES (21, 37, 21)
INSERT INTO NonGUCianStudentRegisterThesis (sid, supid, serial_no) VALUES (21, 32, 21)
INSERT INTO NonGUCianStudentRegisterThesis (sid, supid, serial_no) VALUES (22, 36, 22)
INSERT INTO NonGUCianStudentRegisterThesis (sid, supid, serial_no) VALUES (23, 38, 23)
INSERT INTO NonGUCianStudentRegisterThesis (sid, supid, serial_no) VALUES (24, 38, 24)
INSERT INTO NonGUCianStudentRegisterThesis (sid, supid, serial_no) VALUES (24, 33, 24)
INSERT INTO NonGUCianStudentRegisterThesis (sid, supid, serial_no) VALUES (24, 36, 24)
INSERT INTO NonGUCianStudentRegisterThesis (sid, supid, serial_no) VALUES (25, 38, 25)
INSERT INTO NonGUCianStudentRegisterThesis (sid, supid, serial_no) VALUES (25, 36, 25)
INSERT INTO NonGUCianStudentRegisterThesis (sid, supid, serial_no) VALUES (25, 37, 25)
INSERT INTO NonGUCianStudentRegisterThesis (sid, supid, serial_no) VALUES (26, 37, 26)
INSERT INTO NonGUCianStudentRegisterThesis (sid, supid, serial_no) VALUES (27, 37, 27)
INSERT INTO NonGUCianStudentRegisterThesis (sid, supid, serial_no) VALUES (27, 32, 27)
INSERT INTO NonGUCianStudentRegisterThesis (sid, supid, serial_no) VALUES (27, 39, 27)
INSERT INTO NonGUCianStudentRegisterThesis (sid, supid, serial_no) VALUES (28, 33, 28)
INSERT INTO NonGUCianStudentRegisterThesis (sid, supid, serial_no) VALUES (28, 35, 28)
INSERT INTO NonGUCianStudentRegisterThesis (sid, supid, serial_no) VALUES (29, 38, 29)
INSERT INTO NonGUCianStudentRegisterThesis (sid, supid, serial_no) VALUES (29, 31, 29)
INSERT INTO NonGUCianStudentRegisterThesis (sid, supid, serial_no) VALUES (29, 37, 29)
INSERT INTO NonGUCianStudentRegisterThesis (sid, supid, serial_no) VALUES (30, 36, 30)